"List of kinase-kinase, phosphatase-phosphatase, and kinase-phosphatase pairs that share common substrates and for which the EMAP contained interaction scores.",,,,,
"For the sake of completion, known kinase and phosphatase regulators were also includedin this analysis.",,,,,
"Two kinases with one or more shared substrates",,,,,
"Kinase or regulator",,"Kinase or regulator",,Score,Relationship
"ORF name","Gene name","ORF name","Gene name",,
YDL101C,DUN1,YBR135W,CKS1,-0.424277,"Shared substrate"
YDL101C,DUN1,YMR291W,YMR291W,-0.821997,"Shared substrate"
YDL101C,DUN1,YJL164C,TPK1,0.167623,"Shared substrate"
YDL101C,DUN1,YBR136W,MEC1,-0.362977,"Shared substrate"
YDL101C,DUN1,YPL153C,RAD53,0.290777,"Shared substrate"
YPL031C,PHO85,YDR477W,SNF1,-0.211045,"Shared substrate"
YPL031C,PHO85,YBR135W,CKS1,1.953146,"Shared substrate"
YPL031C,PHO85,YOL045W,PSK2,0.008314,"Shared substrate"
YPL031C,PHO85,YJL164C,TPK1,-0.277797,"Shared substrate"
YPL031C,PHO85,YKL166C,TPK3,-1.264968,"Shared substrate"
YBR274W,CHK1,YJL106W,IME2,1.185158,"Shared substrate"
YCR073C,SSK22,YCL032W,STE50,0.228744,"Shared substrate"
YER129W,SAK1,YDR477W,SNF1,0.563126,"Shared substrate"
YER129W,SAK1,YGL179C,TOS3,-0.023471,"Shared substrate"
YER059W,PCL6,YGL134W,PCL10,-0.047431,"Shared substrate"
YER059W,PCL6,YIL050W,PCL7,-0.946028,"Shared substrate"
YER059W,PCL6,YPL219W,PCL8,-0.050143,"Shared substrate"
YBL016W,FUS3,YMR199W,CLN1,0.518278,"Shared substrate"
YBL016W,FUS3,YAL040C,CLN3,0.783084,"Shared substrate"
YBL016W,FUS3,YPL256C,CLN2,-0.833895,"Shared substrate"
YBL016W,FUS3,YHR030C,SLT2,-0.128018,"Shared substrate"
YBL016W,FUS3,YGR040W,KSS1,-1.255493,"Shared substrate"
YBL016W,FUS3,YJL164C,TPK1,-0.5054,"Shared substrate"
YBL016W,FUS3,YPL042C,SSN3,1.467778,"Shared substrate"
YMR199W,CLN1,YPR119W,CLB2,0.985445,"Shared substrate"
YMR199W,CLN1,YDL155W,CLB3,0.193605,"Shared substrate"
YMR199W,CLN1,YAL040C,CLN3,-1.113099,"Shared substrate"
YMR199W,CLN1,YPR120C,CLB5,0.297461,"Shared substrate"
YMR199W,CLN1,YPL256C,CLN2,-1.327672,"Shared substrate"
YMR199W,CLN1,YNL289W,PCL1,0.081843,"Shared substrate"
YMR199W,CLN1,YDL127W,PCL2,0.141467,"Shared substrate"
YMR199W,CLN1,YGR109C,CLB6,0.570739,"Shared substrate"
YMR199W,CLN1,YLR210W,CLB4,1.044109,"Shared substrate"
YHR135C,YCK1,YNL154C,YCK2,-19.81718,"Shared substrate"
YHR135C,YCK1,YGL019W,CKB1,0.493058,"Shared substrate"
YHR135C,YCK1,YOR039W,CKB2,-2.231951,"Shared substrate"
YHR135C,YCK1,YER123W,YCK3,0.074635,"Shared substrate"
YNL154C,YCK2,YOR039W,CKB2,-0.819162,"Shared substrate"
YNL154C,YCK2,YER123W,YCK3,-0.118386,"Shared substrate"
YDR283C,GCN2,YHR135C,YCK1,0.116641,"Shared substrate"
YDR283C,GCN2,YNL154C,YCK2,-0.198601,"Shared substrate"
YDR283C,GCN2,YGL019W,CKB1,-0.397545,"Shared substrate"
YDR283C,GCN2,YOR039W,CKB2,0.745761,"Shared substrate"
YDR283C,GCN2,YER123W,YCK3,-0.134491,"Shared substrate"
YFL029C,CAK1,YGL019W,CKB1,3.833954,"Shared substrate"
YFL029C,CAK1,YOR039W,CKB2,0.348421,"Shared substrate"
YFL029C,CAK1,YJL187C,SWE1,-0.305587,"Shared substrate"
YFL029C,CAK1,YIL035C,CKA1,1.493567,"Shared substrate"
YBR160W,CDC28,YDL101C,DUN1,0.273609,"Shared substrate"
YBR160W,CDC28,YPL031C,PHO85,0.879864,"Shared substrate"
YBR160W,CDC28,YBR274W,CHK1,1.539828,"Shared substrate"
YBR160W,CDC28,YBL016W,FUS3,-0.126614,"Shared substrate"
YBR160W,CDC28,YNL298W,CLA4,-0.242653,"Shared substrate"
YBR160W,CDC28,YDR507C,GIN4,0.092341,"Shared substrate"
YBR160W,CDC28,YKL048C,ELM1,-1.90522,"Shared substrate"
YBR160W,CDC28,YKL101W,HSL1,-1.38202,"Shared substrate"
YBR160W,CDC28,YGL019W,CKB1,0.31309,"Shared substrate"
YBR160W,CDC28,YOR039W,CKB2,0.288012,"Shared substrate"
YBR160W,CDC28,YDR490C,PKH1,-0.121051,"Shared substrate"
YBR160W,CDC28,YHR030C,SLT2,0.512537,"Shared substrate"
YBR160W,CDC28,YOL100W,PKH2,0.618868,"Shared substrate"
YBR160W,CDC28,YGR040W,KSS1,-0.038892,"Shared substrate"
YBR160W,CDC28,YJL106W,IME2,0.87627,"Shared substrate"
YBR160W,CDC28,YJL187C,SWE1,0.561247,"Shared substrate"
YBR160W,CDC28,YIL035C,CKA1,-0.206233,"Shared substrate"
YPR119W,CLB2,YDL155W,CLB3,-5.596903,"Shared substrate"
YPR119W,CLB2,YAL040C,CLN3,-0.727607,"Shared substrate"
YPR119W,CLB2,YGR109C,CLB6,-0.540616,"Shared substrate"
YPR119W,CLB2,YLR210W,CLB4,1.151103,"Shared substrate"
YDL155W,CLB3,YAL040C,CLN3,0.098089,"Shared substrate"
YDL155W,CLB3,YPR120C,CLB5,0.002605,"Shared substrate"
YDL155W,CLB3,YGR109C,CLB6,-1.127593,"Shared substrate"
YDL155W,CLB3,YLR210W,CLB4,-0.299666,"Shared substrate"
YER027C,GAL83,YGL208W,SIP2,-2.205424,"Shared substrate"
YDR477W,SNF1,YGL134W,PCL10,-0.426582,"Shared substrate"
YDR477W,SNF1,YER027C,GAL83,1.481113,"Shared substrate"
YDR477W,SNF1,YGL208W,SIP2,0.111273,"Shared substrate"
YDR477W,SNF1,YPL203W,TPK2,-1.835897,"Shared substrate"
YDR477W,SNF1,YJL164C,TPK1,1.365579,"Shared substrate"
YDR477W,SNF1,YGL179C,TOS3,0.436375,"Shared substrate"
YDR477W,SNF1,YKL166C,TPK3,1.881179,"Shared substrate"
YDR477W,SNF1,YPL042C,SSN3,2.040673,"Shared substrate"
YKL139W,CTK1,YPR025C,CCL1,-0.265071,"Shared substrate"
YKL139W,CTK1,YPR161C,SGV1,-0.702727,"Shared substrate"
YKL139W,CTK1,YDL108W,KIN28,-1.451539,"Shared substrate"
YJR059W,PTK2,YHR135C,YCK1,-0.569138,"Shared substrate"
YJR059W,PTK2,YNL154C,YCK2,-0.417148,"Shared substrate"
YPR120C,CLB5,YAL040C,CLN3,0.390545,"Shared substrate"
YPR120C,CLB5,YNL289W,PCL1,-0.067403,"Shared substrate"
YPR120C,CLB5,YGR109C,CLB6,-4.484755,"Shared substrate"
YNL298W,CLA4,YPL031C,PHO85,0.143143,"Shared substrate"
YNL298W,CLA4,YMR199W,CLN1,0.278889,"Shared substrate"
YNL298W,CLA4,YPR119W,CLB2,-3.237418,"Shared substrate"
YNL298W,CLA4,YDL155W,CLB3,0.512719,"Shared substrate"
YNL298W,CLA4,YAL040C,CLN3,-2.915852,"Shared substrate"
YNL298W,CLA4,YPR120C,CLB5,-1.114258,"Shared substrate"
YNL298W,CLA4,YKL048C,ELM1,1.77375,"Shared substrate"
YNL298W,CLA4,YKL101W,HSL1,-7.213511,"Shared substrate"
YNL298W,CLA4,YPL256C,CLN2,1.160057,"Shared substrate"
YNL298W,CLA4,YHL007C,STE20,-5.536367,"Shared substrate"
YNL298W,CLA4,YDL127W,PCL2,-0.636033,"Shared substrate"
YNL298W,CLA4,YGR109C,CLB6,1.025185,"Shared substrate"
YNL298W,CLA4,YLR210W,CLB4,0.772052,"Shared substrate"
YDR507C,GIN4,YHR135C,YCK1,-0.011054,"Shared substrate"
YDR507C,GIN4,YNL154C,YCK2,-0.642151,"Shared substrate"
YDR507C,GIN4,YPL204W,HRR25,0.175573,"Shared substrate"
YDR507C,GIN4,YMR139W,RIM11,0.184163,"Shared substrate"
YKL048C,ELM1,YER129W,SAK1,-0.931587,"Shared substrate"
YKL048C,ELM1,YPR119W,CLB2,-8.975716,"Shared substrate"
YKL048C,ELM1,YER027C,GAL83,-0.35081,"Shared substrate"
YKL048C,ELM1,YDR477W,SNF1,-9.016723,"Shared substrate"
YKL048C,ELM1,YPR120C,CLB5,-0.585834,"Shared substrate"
YKL048C,ELM1,YKL101W,HSL1,-1.001197,"Shared substrate"
YKL048C,ELM1,YNL307C,MCK1,-0.632058,"Shared substrate"
YKL048C,ELM1,YLR113W,HOG1,-0.08318,"Shared substrate"
YKL048C,ELM1,YGL208W,SIP2,-0.838125,"Shared substrate"
YKL048C,ELM1,YGL179C,TOS3,0.245203,"Shared substrate"
YKL101W,HSL1,YMR199W,CLN1,-0.377393,"Shared substrate"
YKL101W,HSL1,YPR119W,CLB2,-7.23362,"Shared substrate"
YKL101W,HSL1,YPR120C,CLB5,-0.268938,"Shared substrate"
YPL256C,CLN2,YPR119W,CLB2,-0.952349,"Shared substrate"
YPL256C,CLN2,YDL155W,CLB3,0.312179,"Shared substrate"
YPL256C,CLN2,YAL040C,CLN3,-5.048476,"Shared substrate"
YPL256C,CLN2,YPR120C,CLB5,0.457089,"Shared substrate"
YPL256C,CLN2,YNL289W,PCL1,0.206583,"Shared substrate"
YPL256C,CLN2,YDL127W,PCL2,-0.415742,"Shared substrate"
YPL256C,CLN2,YGR109C,CLB6,-0.68907,"Shared substrate"
YPL256C,CLN2,YLR210W,CLB4,1.301371,"Shared substrate"
YGL019W,CKB1,YOR039W,CKB2,4.615944,"Shared substrate"
YBR135W,CKS1,YPL256C,CLN2,-9.84606,"Shared substrate"
YGR188C,BUB1,YBL088C,TEL1,-2.178674,"Shared substrate"
YNL307C,MCK1,YOL128C,YGK3,0.234066,"Shared substrate"
YNL307C,MCK1,YMR139W,RIM11,-5.203053,"Shared substrate"
YNL307C,MCK1,YFL033C,RIM15,0.420818,"Shared substrate"
YNL307C,MCK1,YJL141C,YAK1,0.165113,"Shared substrate"
YNL307C,MCK1,YJL164C,TPK1,-0.034534,"Shared substrate"
YNL307C,MCK1,YDL079C,MRK1,1.297987,"Shared substrate"
YDR490C,PKH1,YHR205W,SCH9,2.141362,"Shared substrate"
YDR490C,PKH1,YOL100W,PKH2,-11.491215,"Shared substrate"
YDR490C,PKH1,YKL203C,TOR2,-0.117091,"Shared substrate"
YMR068W,AVO2,YJL058C,BIT61,0.098934,"Shared substrate"
YMR068W,AVO2,YER093C,TSC11,0.092229,"Shared substrate"
YER123W,YCK3,YGL019W,CKB1,-1.228265,"Shared substrate"
YER123W,YCK3,YOR039W,CKB2,0.35218,"Shared substrate"
YJL128C,PBS2,YOL128C,YGK3,0.240153,"Shared substrate"
YJL128C,PBS2,YBL105C,PKC1,0.105553,"Shared substrate"
YJL128C,PBS2,YKL126W,YPK1,1.051383,"Shared substrate"
YLR113W,HOG1,YPL031C,PHO85,0.04776,"Shared substrate"
YLR113W,HOG1,YPR120C,CLB5,0.956592,"Shared substrate"
YLR113W,HOG1,YPL256C,CLN2,-0.066602,"Shared substrate"
YLR113W,HOG1,YBR135W,CKS1,-2.829373,"Shared substrate"
YLR113W,HOG1,YNL307C,MCK1,0.008314,"Shared substrate"
YLR113W,HOG1,YJL106W,IME2,0.719377,"Shared substrate"
YLR113W,HOG1,YNL289W,PCL1,0.70358,"Shared substrate"
YNR031C,SSK2,YCR073C,SSK22,-1.043719,"Shared substrate"
YNR031C,SSK2,YCL032W,STE50,1.213956,"Shared substrate"
YHR030C,SLT2,YGR109C,CLB6,0.562833,"Shared substrate"
YOL045W,PSK2,YGL134W,PCL10,0.396778,"Shared substrate"
YOL045W,PSK2,YDR477W,SNF1,-1.39013,"Shared substrate"
YPL140C,MKK2,YOL128C,YGK3,-0.326659,"Shared substrate"
YPL140C,MKK2,YJL128C,PBS2,-0.652802,"Shared substrate"
YPL140C,MKK2,YBL105C,PKC1,-0.160493,"Shared substrate"
YDR052C,DBF4,YPR119W,CLB2,0.358147,"Shared substrate"
YDR052C,DBF4,YPR120C,CLB5,0.21465,"Shared substrate"
YOL100W,PKH2,YMR104C,YPK2,-0.215125,"Shared substrate"
YOL100W,PKH2,YHR205W,SCH9,-3.53833,"Shared substrate"
YOL100W,PKH2,YKL203C,TOR2,0.805182,"Shared substrate"
YJL006C,CTK2,YPR025C,CCL1,-0.336437,"Shared substrate"
YML112W,CTK3,YPR025C,CCL1,-1.007468,"Shared substrate"
YOL001W,PHO80,YDL127W,PCL2,0.464427,"Shared substrate"
YOL001W,PHO80,YIL050W,PCL7,-1.011847,"Shared substrate"
YOL001W,PHO80,YDL179W,PCL9,0.045167,"Shared substrate"
YGR040W,KSS1,YHR135C,YCK1,-0.435141,"Shared substrate"
YGR040W,KSS1,YNL154C,YCK2,-0.132642,"Shared substrate"
YGR040W,KSS1,YAL040C,CLN3,0.459543,"Shared substrate"
YGR040W,KSS1,YPL256C,CLN2,-0.261873,"Shared substrate"
YGR040W,KSS1,YJL164C,TPK1,0.314819,"Shared substrate"
YGR040W,KSS1,YPL042C,SSN3,-0.717081,"Shared substrate"
YPL203W,TPK2,YHR135C,YCK1,-1.170462,"Shared substrate"
YPL203W,TPK2,YKL166C,TPK3,0.830913,"Shared substrate"
YJL106W,IME2,YBL088C,TEL1,0.93867,"Shared substrate"
YJL106W,IME2,YPL031C,PHO85,-0.4754,"Shared substrate"
YJL106W,IME2,YPR120C,CLB5,-0.206339,"Shared substrate"
YJL106W,IME2,YPL256C,CLN2,0.032514,"Shared substrate"
YJL106W,IME2,YBR135W,CKS1,-1.58505,"Shared substrate"
YJL106W,IME2,YMR139W,RIM11,-0.254632,"Shared substrate"
YJL106W,IME2,YNL289W,PCL1,-0.381955,"Shared substrate"
YJL106W,IME2,YDL127W,PCL2,-0.441014,"Shared substrate"
YJL106W,IME2,YBR136W,MEC1,1.189822,"Shared substrate"
YJL106W,IME2,YPL153C,RAD53,-0.461075,"Shared substrate"
YPL204W,HRR25,YPL031C,PHO85,0.348543,"Shared substrate"
YPL204W,HRR25,YHR135C,YCK1,-0.980925,"Shared substrate"
YPL204W,HRR25,YNL154C,YCK2,-0.298206,"Shared substrate"
YPL204W,HRR25,YHR030C,SLT2,0.040657,"Shared substrate"
YPL204W,HRR25,YMR139W,RIM11,-0.632654,"Shared substrate"
YPL204W,HRR25,YJL164C,TPK1,0.12261,"Shared substrate"
YPL204W,HRR25,YKL166C,TPK3,0.065226,"Shared substrate"
YMR139W,RIM11,YHR135C,YCK1,0.17185,"Shared substrate"
YMR139W,RIM11,YNL154C,YCK2,0.093123,"Shared substrate"
YMR139W,RIM11,YOL128C,YGK3,-1.375534,"Shared substrate"
YMR139W,RIM11,YFL033C,RIM15,0.429457,"Shared substrate"
YMR001C,CDC5,YMR199W,CLN1,-0.984584,"Shared substrate"
YMR001C,CDC5,YPR119W,CLB2,-0.582436,"Shared substrate"
YMR001C,CDC5,YDL155W,CLB3,-0.221296,"Shared substrate"
YMR001C,CDC5,YAL040C,CLN3,0.722863,"Shared substrate"
YMR001C,CDC5,YPR120C,CLB5,0.638395,"Shared substrate"
YMR001C,CDC5,YNL298W,CLA4,-0.245698,"Shared substrate"
YMR001C,CDC5,YKL048C,ELM1,0.540437,"Shared substrate"
YMR001C,CDC5,YKL101W,HSL1,0.361041,"Shared substrate"
YMR001C,CDC5,YPL256C,CLN2,-2.457056,"Shared substrate"
YMR001C,CDC5,YOR233W,KIN4,0.525768,"Shared substrate"
YMR001C,CDC5,YJL106W,IME2,-0.686519,"Shared substrate"
YMR001C,CDC5,YGR109C,CLB6,0.273549,"Shared substrate"
YMR001C,CDC5,YLR210W,CLB4,-0.065385,"Shared substrate"
YBL105C,PKC1,YHR135C,YCK1,-0.544994,"Shared substrate"
YBL105C,PKC1,YOL128C,YGK3,-0.17753,"Shared substrate"
YBL105C,PKC1,YPL203W,TPK2,-0.068211,"Shared substrate"
YBL105C,PKC1,YJL164C,TPK1,-0.138276,"Shared substrate"
YBL105C,PKC1,YKL166C,TPK3,0.750305,"Shared substrate"
YNL289W,PCL1,YDL127W,PCL2,-0.148633,"Shared substrate"
YJL141C,YAK1,YOL128C,YGK3,0.181238,"Shared substrate"
YJL187C,SWE1,YGL019W,CKB1,0.442932,"Shared substrate"
YJL187C,SWE1,YOR039W,CKB2,0.061997,"Shared substrate"
YJL164C,TPK1,YHR135C,YCK1,-0.066131,"Shared substrate"
YJL164C,TPK1,YOL128C,YGK3,0.310762,"Shared substrate"
YJL164C,TPK1,YPL203W,TPK2,-2.696966,"Shared substrate"
YJL164C,TPK1,YKL166C,TPK3,-2.905081,"Shared substrate"
YIL050W,PCL7,YGL134W,PCL10,0.437093,"Shared substrate"
YIL050W,PCL7,YPL219W,PCL8,1.099533,"Shared substrate"
YIL050W,PCL7,YDL179W,PCL9,-0.858561,"Shared substrate"
YPL219W,PCL8,YGL134W,PCL10,0.032263,"Shared substrate"
YOR061W,CKA2,YPL031C,PHO85,-0.814593,"Shared substrate"
YOR061W,CKA2,YHR135C,YCK1,0.711541,"Shared substrate"
YOR061W,CKA2,YNL154C,YCK2,-0.248668,"Shared substrate"
YOR061W,CKA2,YPR120C,CLB5,-1.867447,"Shared substrate"
YOR061W,CKA2,YPL256C,CLN2,-0.473196,"Shared substrate"
YOR061W,CKA2,YGL019W,CKB1,-6.983284,"Shared substrate"
YOR061W,CKA2,YBR135W,CKS1,-0.820668,"Shared substrate"
YOR061W,CKA2,YER123W,YCK3,1.306452,"Shared substrate"
YOR061W,CKA2,YLR113W,HOG1,0.309777,"Shared substrate"
YOR061W,CKA2,YPL203W,TPK2,0.420372,"Shared substrate"
YOR061W,CKA2,YJL106W,IME2,1.147532,"Shared substrate"
YOR061W,CKA2,YJL187C,SWE1,-0.189007,"Shared substrate"
YOR061W,CKA2,YJL164C,TPK1,-0.176724,"Shared substrate"
YOR061W,CKA2,YKL166C,TPK3,-0.249431,"Shared substrate"
YNL020C,ARK1,YIL095W,PRK1,-13.663581,"Shared substrate"
YPR161C,SGV1,YJL006C,CTK2,0.19613,"Shared substrate"
YPR161C,SGV1,YML112W,CTK3,-2.195112,"Shared substrate"
YBR059C,AKL1,YIL095W,PRK1,-0.565582,"Shared substrate"
YIL035C,CKA1,YPL031C,PHO85,0.314173,"Shared substrate"
YIL035C,CKA1,YHR135C,YCK1,0.087829,"Shared substrate"
YIL035C,CKA1,YNL154C,YCK2,-0.727487,"Shared substrate"
YIL035C,CKA1,YDR283C,GCN2,1.581281,"Shared substrate"
YIL035C,CKA1,YPR120C,CLB5,-0.102046,"Shared substrate"
YIL035C,CKA1,YPL256C,CLN2,-0.029682,"Shared substrate"
YIL035C,CKA1,YGL019W,CKB1,-2.51163,"Shared substrate"
YIL035C,CKA1,YOR039W,CKB2,-3.756746,"Shared substrate"
YIL035C,CKA1,YBR135W,CKS1,-0.719287,"Shared substrate"
YIL035C,CKA1,YER123W,YCK3,0.390442,"Shared substrate"
YIL035C,CKA1,YLR113W,HOG1,-0.126495,"Shared substrate"
YIL035C,CKA1,YPL203W,TPK2,-0.407194,"Shared substrate"
YIL035C,CKA1,YJL106W,IME2,1.310038,"Shared substrate"
YIL035C,CKA1,YBL105C,PKC1,1.185604,"Shared substrate"
YIL035C,CKA1,YNL289W,PCL1,0.162771,"Shared substrate"
YIL035C,CKA1,YJL187C,SWE1,0.674623,"Shared substrate"
YIL035C,CKA1,YJL164C,TPK1,-0.331548,"Shared substrate"
YIL035C,CKA1,YOR061W,CKA2,-13.459296,"Shared substrate"
YIL035C,CKA1,YKL166C,TPK3,0.046398,"Shared substrate"
YBR136W,MEC1,YBL088C,TEL1,0.830114,"Shared substrate"
YBR136W,MEC1,YPL203W,TPK2,-1.028985,"Shared substrate"
YBR136W,MEC1,YJL164C,TPK1,0.10374,"Shared substrate"
YBR136W,MEC1,YKL166C,TPK3,0.484214,"Shared substrate"
YDL017W,CDC7,YBL088C,TEL1,-0.527328,"Shared substrate"
YDL017W,CDC7,YPR119W,CLB2,-1.14314,"Shared substrate"
YDL017W,CDC7,YPR120C,CLB5,2.176514,"Shared substrate"
YDL017W,CDC7,YJL106W,IME2,-0.303718,"Shared substrate"
YDL108W,KIN28,YJL006C,CTK2,-2.845411,"Shared substrate"
YDL108W,KIN28,YML112W,CTK3,0.40002,"Shared substrate"
YDL108W,KIN28,YPL042C,SSN3,0.426237,"Shared substrate"
YGR109C,CLB6,YAL040C,CLN3,0.510397,"Shared substrate"
YDL079C,MRK1,YOL128C,YGK3,1.185135,"Shared substrate"
YDL079C,MRK1,YMR139W,RIM11,-0.937238,"Shared substrate"
YDL079C,MRK1,YFL033C,RIM15,-0.091732,"Shared substrate"
YOR231W,MKK1,YOL128C,YGK3,-0.226894,"Shared substrate"
YOR231W,MKK1,YJL128C,PBS2,0.574765,"Shared substrate"
YOR231W,MKK1,YPL140C,MKK2,-13.856268,"Shared substrate"
YOR231W,MKK1,YBL105C,PKC1,-0.274111,"Shared substrate"
YOL078W,AVO1,YMR068W,AVO2,0.070356,"Shared substrate"
YOL078W,AVO1,YJL058C,BIT61,-0.156088,"Shared substrate"
YPL042C,SSN3,YER027C,GAL83,0.473466,"Shared substrate"
YPL042C,SSN3,YPL203W,TPK2,-0.322594,"Shared substrate"
YPL042C,SSN3,YNL289W,PCL1,0.693757,"Shared substrate"
YPL042C,SSN3,YJL164C,TPK1,-2.822912,"Shared substrate"
YPL042C,SSN3,YHR071W,PCL5,0.478697,"Shared substrate"
YPL042C,SSN3,YKL166C,TPK3,0.785536,"Shared substrate"
YER093C,TSC11,YJL058C,BIT61,-0.173645,"Shared substrate"
YLR210W,CLB4,YAL040C,CLN3,1.219942,"Shared substrate"
YLR210W,CLB4,YPR120C,CLB5,-0.90352,"Shared substrate"
YLR210W,CLB4,YGR109C,CLB6,0.373891,"Shared substrate"
YKL203C,TOR2,YMR068W,AVO2,-0.124617,"Shared substrate"
YKL203C,TOR2,YJL058C,BIT61,-0.631795,"Shared substrate"
YPL209C,IPL1,YDR477W,SNF1,0.22951,"Shared substrate"
YPL153C,RAD53,YBL088C,TEL1,0.605436,"Shared substrate"
YPL153C,RAD53,YHR030C,SLT2,0.153541,"Shared substrate"
"Two phosphataseses with one or more shared substrates",,,,,
"Phosphatase or regulator",,"Phosphatase or regulator",,Score,Relationship
"ORF name","Gene name","ORF name","Gene name",,
YDL188C,PPH22,YMR036C,MIH1,-0.983823,"Shared substrate"
YDL188C,PPH22,YER089C,PTC2,-1.197226,"Shared substrate"
YDL188C,PPH22,YGL190C,CDC55,-0.469916,"Shared substrate"
YDL188C,PPH22,YOR014W,RTS1,0.388331,"Shared substrate"
YDL188C,PPH22,YBL056W,PTC3,-0.309421,"Shared substrate"
YDL188C,PPH22,YOR090C,PTC5,1.080748,"Shared substrate"
YBR125C,PTC4,YKL190W,CNB1,-1.165212,"Shared substrate"
YBR125C,PTC4,YOR208W,PTP2,0.373967,"Shared substrate"
YBR125C,PTC4,YER075C,PTP3,-0.479312,"Shared substrate"
YML016C,PPZ1,YOR208W,PTP2,-0.978831,"Shared substrate"
YML016C,PPZ1,YDL006W,PTC1,2.701424,"Shared substrate"
YML016C,PPZ1,YNL053W,MSG5,0.487112,"Shared substrate"
YML016C,PPZ1,YDR436W,PPZ2,-11.507691,"Shared substrate"
YML016C,PPZ1,YER075C,PTP3,-0.370895,"Shared substrate"
YML016C,PPZ1,YIL113W,SDP1,1.841565,"Shared substrate"
YIL153W,RRD1,YPL152W,RRD2,-15.563636,"Shared substrate"
YOR208W,PTP2,YKL190W,CNB1,-1.569811,"Shared substrate"
YOR208W,PTP2,YER075C,PTP3,-7.517127,"Shared substrate"
YDR075W,PPH3,YNL201C,PSY2,0.430876,"Shared substrate"
YDL006W,PTC1,YBR125C,PTC4,-1.041238,"Shared substrate"
YDL006W,PTC1,YKL190W,CNB1,-0.015041,"Shared substrate"
YDL006W,PTC1,YOR208W,PTP2,-4.838799,"Shared substrate"
YDL006W,PTC1,YER089C,PTC2,-9.992339,"Shared substrate"
YDL006W,PTC1,YNL053W,MSG5,-2.025433,"Shared substrate"
YDL006W,PTC1,YER075C,PTP3,-1.295159,"Shared substrate"
YDL006W,PTC1,YIL113W,SDP1,-0.601001,"Shared substrate"
YER089C,PTC2,YBR125C,PTC4,-0.915873,"Shared substrate"
YER089C,PTC2,YMR036C,MIH1,0.124264,"Shared substrate"
YER089C,PTC2,YKL190W,CNB1,-0.970163,"Shared substrate"
YER089C,PTC2,YOR208W,PTP2,-6.796941,"Shared substrate"
YER089C,PTC2,YBL056W,PTC3,-1.878303,"Shared substrate"
YER089C,PTC2,YOR090C,PTC5,-0.315173,"Shared substrate"
YNL053W,MSG5,YOR208W,PTP2,-0.313369,"Shared substrate"
YNL053W,MSG5,YER075C,PTP3,0.408374,"Shared substrate"
YNL053W,MSG5,YIL113W,SDP1,0.968881,"Shared substrate"
YDR436W,PPZ2,YOR208W,PTP2,0.716197,"Shared substrate"
YDR436W,PPZ2,YDL006W,PTC1,-0.519053,"Shared substrate"
YDR436W,PPZ2,YNL053W,MSG5,0.343815,"Shared substrate"
YDR436W,PPZ2,YER075C,PTP3,-0.027805,"Shared substrate"
YDR436W,PPZ2,YDL047W,SIT4,0.508715,"Shared substrate"
YDR436W,PPZ2,YIL113W,SDP1,0.206888,"Shared substrate"
YDL134C,PPH21,YDL188C,PPH22,-15.336217,"Shared substrate"
YDL134C,PPH21,YMR036C,MIH1,0.881728,"Shared substrate"
YDL134C,PPH21,YER089C,PTC2,-2.407359,"Shared substrate"
YDL134C,PPH21,YGL190C,CDC55,0.56453,"Shared substrate"
YDL134C,PPH21,YOR014W,RTS1,1.01366,"Shared substrate"
YDL134C,PPH21,YDL047W,SIT4,0.741065,"Shared substrate"
YDL134C,PPH21,YBL056W,PTC3,-0.809884,"Shared substrate"
YDL134C,PPH21,YOR090C,PTC5,1.191226,"Shared substrate"
YER075C,PTP3,YKL190W,CNB1,-0.084239,"Shared substrate"
YLR433C,CNA1,YKL190W,CNB1,1.256789,"Shared substrate"
YLL010C,PSR1,YDR028C,REG1,-0.094772,"Shared substrate"
YLR019W,PSR2,YDR028C,REG1,-0.561902,"Shared substrate"
YDL047W,SIT4,YFR040W,SAP155,2.688053,"Shared substrate"
YDL047W,SIT4,YIL153W,RRD1,0.891175,"Shared substrate"
YDL047W,SIT4,YOR208W,PTP2,0.295237,"Shared substrate"
YDL047W,SIT4,YPL152W,RRD2,0.820988,"Shared substrate"
YDL047W,SIT4,YNL053W,MSG5,-0.06677,"Shared substrate"
YIL113W,SDP1,YOR208W,PTP2,-0.433156,"Shared substrate"
YIL113W,SDP1,YER075C,PTP3,0.148147,"Shared substrate"
YBL056W,PTC3,YMR036C,MIH1,-0.275811,"Shared substrate"
YBL056W,PTC3,YOR090C,PTC5,0.662282,"Shared substrate"
YOR090C,PTC5,YMR036C,MIH1,0.382494,"Shared substrate"
YML057W,CMP2,YKL190W,CNB1,-0.1974,"Shared substrate"
YML057W,CMP2,YLR433C,CNA1,-0.745832,"Shared substrate"
"Kinase-phosphatase pairs that share a common substrate",,,,,
"Kinase or regulator",,"Phosphatase or regulator",,Score,Relationship
"ORF name","Gene name","ORF name","Gene name",,
YBL088C,TEL1,YER089C,PTC2,-0.210141,"Shared substrate"
YPL031C,PHO85,YKL190W,CNB1,-0.155066,"Shared substrate"
YPL031C,PHO85,YLR433C,CNA1,-0.015145,"Shared substrate"
YPL031C,PHO85,YML057W,CMP2,-0.188569,"Shared substrate"
YER129W,SAK1,YML016C,PPZ1,1.092619,"Shared substrate"
YER129W,SAK1,YDR028C,REG1,2.719591,"Shared substrate"
YOR351C,MEK1,YDR075W,PPH3,0.124842,"Shared substrate"
YOR351C,MEK1,YNL201C,PSY2,0.775974,"Shared substrate"
YFL029C,CAK1,YDL188C,PPH22,0.677076,"Shared substrate"
YFL029C,CAK1,YMR036C,MIH1,0.611471,"Shared substrate"
YFL029C,CAK1,YER089C,PTC2,1.55709,"Shared substrate"
YFL029C,CAK1,YDL134C,PPH21,0.240041,"Shared substrate"
YFL029C,CAK1,YBL056W,PTC3,0.185,"Shared substrate"
YFL029C,CAK1,YOR090C,PTC5,1.154355,"Shared substrate"
YBR160W,CDC28,YDL188C,PPH22,-0.245187,"Shared substrate"
YBR160W,CDC28,YMR036C,MIH1,-0.182306,"Shared substrate"
YBR160W,CDC28,YKL190W,CNB1,2.709167,"Shared substrate"
YBR160W,CDC28,YER089C,PTC2,0.238574,"Shared substrate"
YBR160W,CDC28,YDL134C,PPH21,0.561493,"Shared substrate"
YBR160W,CDC28,YLR433C,CNA1,0.493131,"Shared substrate"
YBR160W,CDC28,YBL056W,PTC3,-0.008488,"Shared substrate"
YBR160W,CDC28,YOR090C,PTC5,-0.172965,"Shared substrate"
YBR160W,CDC28,YML057W,CMP2,-0.454599,"Shared substrate"
YPR119W,CLB2,YGL190C,CDC55,-0.351753,"Shared substrate"
YER027C,GAL83,YDR028C,REG1,2.104532,"Shared substrate"
YDR477W,SNF1,YML016C,PPZ1,2.02505,"Shared substrate"
YDR477W,SNF1,YIL153W,RRD1,3.316598,"Shared substrate"
YDR477W,SNF1,YPL152W,RRD2,-1.342208,"Shared substrate"
YDR477W,SNF1,YLL010C,PSR1,-0.746696,"Shared substrate"
YDR477W,SNF1,YLR019W,PSR2,1.427979,"Shared substrate"
YDR477W,SNF1,YDR028C,REG1,2.357254,"Shared substrate"
YDR477W,SNF1,YDL047W,SIT4,3.483093,"Shared substrate"
YKL139W,CTK1,YNL222W,SSU72,-5.779894,"Shared substrate"
YKL139W,CTK1,YMR277W,FCP1,0.93849,"Shared substrate"
YDR507C,GIN4,YDL188C,PPH22,1.041993,"Shared substrate"
YDR507C,GIN4,YOR014W,RTS1,0.599668,"Shared substrate"
YDR507C,GIN4,YDL134C,PPH21,-0.780832,"Shared substrate"
YKL048C,ELM1,YKL190W,CNB1,-0.721102,"Shared substrate"
YKL048C,ELM1,YLR433C,CNA1,-0.705628,"Shared substrate"
YKL048C,ELM1,YDR028C,REG1,-0.510965,"Shared substrate"
YKL048C,ELM1,YML057W,CMP2,1.154516,"Shared substrate"
YGL019W,CKB1,YDL188C,PPH22,-0.31563,"Shared substrate"
YGL019W,CKB1,YMR036C,MIH1,0.745989,"Shared substrate"
YGL019W,CKB1,YER089C,PTC2,-7.260311,"Shared substrate"
YGL019W,CKB1,YDL134C,PPH21,0.8024,"Shared substrate"
YGL019W,CKB1,YBL056W,PTC3,0.451689,"Shared substrate"
YGL019W,CKB1,YOR090C,PTC5,0.560893,"Shared substrate"
YOR039W,CKB2,YDL188C,PPH22,0.9014,"Shared substrate"
YOR039W,CKB2,YMR036C,MIH1,-0.029229,"Shared substrate"
YOR039W,CKB2,YER089C,PTC2,-0.17473,"Shared substrate"
YOR039W,CKB2,YDL134C,PPH21,0.465011,"Shared substrate"
YOR039W,CKB2,YBL056W,PTC3,0.192263,"Shared substrate"
YOR039W,CKB2,YOR090C,PTC5,0.823196,"Shared substrate"
YOR233W,KIN4,YGL190C,CDC55,-0.011685,"Shared substrate"
YGR188C,BUB1,YER089C,PTC2,0.22684,"Shared substrate"
YNL307C,MCK1,YKL190W,CNB1,0.740282,"Shared substrate"
YNL307C,MCK1,YLR433C,CNA1,0.044202,"Shared substrate"
YNL307C,MCK1,YML057W,CMP2,-0.911865,"Shared substrate"
YOL128C,YGK3,YML016C,PPZ1,0.077724,"Shared substrate"
YOL128C,YGK3,YOR208W,PTP2,-0.317245,"Shared substrate"
YOL128C,YGK3,YDL006W,PTC1,-0.039584,"Shared substrate"
YOL128C,YGK3,YNL053W,MSG5,0.056884,"Shared substrate"
YOL128C,YGK3,YDR436W,PPZ2,-0.37819,"Shared substrate"
YOL128C,YGK3,YER075C,PTP3,-0.697644,"Shared substrate"
YOL128C,YGK3,YDL047W,SIT4,-0.530283,"Shared substrate"
YOL128C,YGK3,YIL113W,SDP1,0.566956,"Shared substrate"
YJL128C,PBS2,YBR125C,PTC4,1.365863,"Shared substrate"
YJL128C,PBS2,YML016C,PPZ1,0.679034,"Shared substrate"
YJL128C,PBS2,YKL190W,CNB1,0.15705,"Shared substrate"
YJL128C,PBS2,YOR208W,PTP2,1.755246,"Shared substrate"
YJL128C,PBS2,YDL006W,PTC1,2.987284,"Shared substrate"
YJL128C,PBS2,YER089C,PTC2,0.129317,"Shared substrate"
YJL128C,PBS2,YNL053W,MSG5,-1.150894,"Shared substrate"
YJL128C,PBS2,YDR436W,PPZ2,-0.03469,"Shared substrate"
YJL128C,PBS2,YER075C,PTP3,-0.937213,"Shared substrate"
YJL128C,PBS2,YDL047W,SIT4,-0.84431,"Shared substrate"
YJL128C,PBS2,YIL113W,SDP1,0.050121,"Shared substrate"
YLR113W,HOG1,YKL190W,CNB1,0.591987,"Shared substrate"
YLR113W,HOG1,YLR433C,CNA1,0.044777,"Shared substrate"
YLR113W,HOG1,YML057W,CMP2,0.411643,"Shared substrate"
YHR030C,SLT2,YDL047W,SIT4,0.652974,"Shared substrate"
YPL140C,MKK2,YML016C,PPZ1,-1.119923,"Shared substrate"
YPL140C,MKK2,YOR208W,PTP2,-0.059594,"Shared substrate"
YPL140C,MKK2,YDL006W,PTC1,0.008314,"Shared substrate"
YPL140C,MKK2,YNL053W,MSG5,1.47669,"Shared substrate"
YPL140C,MKK2,YDR436W,PPZ2,0.435735,"Shared substrate"
YPL140C,MKK2,YER075C,PTP3,0.126005,"Shared substrate"
YPL140C,MKK2,YDL047W,SIT4,0.579056,"Shared substrate"
YPL140C,MKK2,YIL113W,SDP1,0.03402,"Shared substrate"
YJL006C,CTK2,YNL222W,SSU72,0.380394,"Shared substrate"
YJL006C,CTK2,YMR277W,FCP1,-0.22051,"Shared substrate"
YML112W,CTK3,YNL222W,SSU72,-0.36809,"Shared substrate"
YML112W,CTK3,YMR277W,FCP1,-0.52274,"Shared substrate"
YJR066W,TOR1,YDL188C,PPH22,0.876038,"Shared substrate"
YJR066W,TOR1,YDL134C,PPH21,1.671061,"Shared substrate"
YJR066W,TOR1,YDL047W,SIT4,0.466848,"Shared substrate"
YGL208W,SIP2,YDR028C,REG1,0.506533,"Shared substrate"
YPL203W,TPK2,YDL188C,PPH22,-0.258391,"Shared substrate"
YPL203W,TPK2,YGL190C,CDC55,0.127176,"Shared substrate"
YPL203W,TPK2,YDL134C,PPH21,-0.139221,"Shared substrate"
YPL203W,TPK2,YLL010C,PSR1,0.096075,"Shared substrate"
YPL203W,TPK2,YLR019W,PSR2,-0.101555,"Shared substrate"
YPL203W,TPK2,YDR028C,REG1,1.083606,"Shared substrate"
YPL204W,HRR25,YDL188C,PPH22,0.307182,"Shared substrate"
YPL204W,HRR25,YKL190W,CNB1,0.389098,"Shared substrate"
YPL204W,HRR25,YOR014W,RTS1,-0.361402,"Shared substrate"
YPL204W,HRR25,YDL134C,PPH21,0.466526,"Shared substrate"
YPL204W,HRR25,YLR433C,CNA1,0.467005,"Shared substrate"
YPL204W,HRR25,YML057W,CMP2,0.564293,"Shared substrate"
YBL105C,PKC1,YML016C,PPZ1,-0.256802,"Shared substrate"
YBL105C,PKC1,YOR208W,PTP2,0.458158,"Shared substrate"
YBL105C,PKC1,YDL006W,PTC1,0.290522,"Shared substrate"
YBL105C,PKC1,YNL053W,MSG5,0.420989,"Shared substrate"
YBL105C,PKC1,YDR436W,PPZ2,-1.040975,"Shared substrate"
YBL105C,PKC1,YER075C,PTP3,-0.309688,"Shared substrate"
YBL105C,PKC1,YIL113W,SDP1,-0.554487,"Shared substrate"
YJL187C,SWE1,YDL188C,PPH22,-0.37896,"Shared substrate"
YJL187C,SWE1,YMR036C,MIH1,0.419576,"Shared substrate"
YJL187C,SWE1,YER089C,PTC2,-0.55451,"Shared substrate"
YJL187C,SWE1,YDL134C,PPH21,-0.142922,"Shared substrate"
YJL187C,SWE1,YBL056W,PTC3,0.286476,"Shared substrate"
YJL187C,SWE1,YOR090C,PTC5,0.481316,"Shared substrate"
YJL164C,TPK1,YDL188C,PPH22,0.425518,"Shared substrate"
YJL164C,TPK1,YKL190W,CNB1,-0.044707,"Shared substrate"
YJL164C,TPK1,YGL190C,CDC55,1.249648,"Shared substrate"
YJL164C,TPK1,YDL134C,PPH21,-1.164748,"Shared substrate"
YJL164C,TPK1,YLR433C,CNA1,-0.761937,"Shared substrate"
YJL164C,TPK1,YLL010C,PSR1,-1.045334,"Shared substrate"
YJL164C,TPK1,YLR019W,PSR2,0.544515,"Shared substrate"
YJL164C,TPK1,YDR028C,REG1,0.018595,"Shared substrate"
YJL164C,TPK1,YDL047W,SIT4,1.964083,"Shared substrate"
YJL164C,TPK1,YML057W,CMP2,0.208363,"Shared substrate"
YGL179C,TOS3,YDR028C,REG1,1.685615,"Shared substrate"
YOR061W,CKA2,YDL188C,PPH22,0.646301,"Shared substrate"
YOR061W,CKA2,YMR036C,MIH1,0.438569,"Shared substrate"
YOR061W,CKA2,YER089C,PTC2,-0.10912,"Shared substrate"
YOR061W,CKA2,YDL134C,PPH21,-1.196275,"Shared substrate"
YOR061W,CKA2,YBL056W,PTC3,0.957447,"Shared substrate"
YOR061W,CKA2,YPR073C,LTP1,-0.030914,"Shared substrate"
YIL035C,CKA1,YDL188C,PPH22,-0.664698,"Shared substrate"
YIL035C,CKA1,YMR036C,MIH1,0.118181,"Shared substrate"
YIL035C,CKA1,YER089C,PTC2,-0.396945,"Shared substrate"
YIL035C,CKA1,YDL134C,PPH21,0.225417,"Shared substrate"
YIL035C,CKA1,YBL056W,PTC3,0.182978,"Shared substrate"
YIL035C,CKA1,YOR090C,PTC5,0.000571,"Shared substrate"
YBR136W,MEC1,YER089C,PTC2,0.463235,"Shared substrate"
YKL166C,TPK3,YDL188C,PPH22,0.286219,"Shared substrate"
YKL166C,TPK3,YKL190W,CNB1,-2.273302,"Shared substrate"
YKL166C,TPK3,YGL190C,CDC55,4.000526,"Shared substrate"
YKL166C,TPK3,YDL134C,PPH21,1.017415,"Shared substrate"
YKL166C,TPK3,YLR433C,CNA1,-0.226225,"Shared substrate"
YKL166C,TPK3,YLL010C,PSR1,1.004822,"Shared substrate"
YKL166C,TPK3,YLR019W,PSR2,-0.313127,"Shared substrate"
YKL166C,TPK3,YDR028C,REG1,-0.779279,"Shared substrate"
YKL166C,TPK3,YML057W,CMP2,-0.162143,"Shared substrate"
YOR231W,MKK1,YML016C,PPZ1,0.003012,"Shared substrate"
YOR231W,MKK1,YDL006W,PTC1,2.871845,"Shared substrate"
YOR231W,MKK1,YNL053W,MSG5,0.170121,"Shared substrate"
YOR231W,MKK1,YDR436W,PPZ2,-0.704891,"Shared substrate"
YOR231W,MKK1,YER075C,PTP3,0.260258,"Shared substrate"
YOR231W,MKK1,YDL047W,SIT4,1.707334,"Shared substrate"
YOR231W,MKK1,YIL113W,SDP1,0.901519,"Shared substrate"
YPL042C,SSN3,YLL010C,PSR1,-0.147006,"Shared substrate"
YPL042C,SSN3,YLR019W,PSR2,-0.848049,"Shared substrate"
YPL042C,SSN3,YDR028C,REG1,2.074486,"Shared substrate"
YKL126W,YPK1,YML016C,PPZ1,0.442869,"Shared substrate"
YKL126W,YPK1,YER075C,PTP3,-0.344231,"Shared substrate"
YKL126W,YPK1,YIL113W,SDP1,0.008313,"Shared substrate"
